Id;Nom;Orientation;Alpi;Ski;Deniv.plus;Depart.id;Depart.altitude;Sommet.id;Sommet.nom;Sommet.longitude;Sommet.latitude;Sommet.altitude;M01;M02;M03;M04;M05;M06;M07;M08;M09;M10;M11;M12;S1999-2000;S2000-2001;S2001-2002;S2002-2003;S2003-2004;S2004-2005;S2005-2006;S2006-2007;S2007-2008;S2008-2009;S2009-2010;S2010-2011;S2011-2012;S2012-2013;S2013-2014;S2014-2015;S2015-2016;S2016-2017;S2017-2018;S2018-2019;S2019-2020;S2020-2021
188;pointe-du-vallonnet;W;PD;4.1;1900;49;1490;396;Pointe du Vallonnet;6,761;45,4172;3372;0;5;9;15;15;1;1;0;0;0;0;3;0;0;0;1;0;0;1;4;2;2;5;1;7;5;5;4;3;1;5;2;0;1
299;rateau-d-aussois;E;F;2.3;1600;46;1530;397;Râteau d'Aussois;6,6935;45,2469;3131;4;3;5;13;4;2;0;0;0;0;0;3;0;0;0;0;1;1;0;2;2;2;2;3;1;2;1;2;2;7;2;3;1;0
300;pointe-de-bellecote;T;R;2.2;1610;46;1530;398;Pointe de Bellecôte;6,7513;45,274;3139;4;12;7;5;0;0;0;0;0;0;1;9;0;0;0;0;1;0;0;3;1;5;2;3;5;1;3;2;3;4;3;0;0;2
376;mont-brequin;T;F;3.3;2035;783;1325;393;Mont Brequin;6,5337;45,2519;3130;21;30;26;34;8;0;0;0;0;0;6;15;0;0;0;0;1;2;0;9;12;6;13;8;6;10;7;6;6;12;18;12;7;5
443;pointe-barbara;S;F;2.3;1743;51;1425;395;Pointe Barbara;6,8756;45,3225;3168;1;0;2;0;0;0;0;0;0;0;0;0;0;0;0;0;0;1;0;0;0;1;0;0;0;0;0;0;1;0;0;0;0;0
496;tete-noire;E;R;2.2;1470;59;1209;390;Tête Noire;6,66;45,2438;2673;6;9;4;2;0;0;0;0;0;0;0;2;0;0;0;0;0;1;0;0;4;2;5;1;2;1;2;0;1;1;3;0;0;0
529;dome-de-l-arpont;N;PD+;3.1;1300;56;1343;385;Dôme de l'Arpont;6,7431;45,3186;3599;0;0;0;4;1;0;0;0;0;0;0;1;0;0;0;0;1;0;0;0;1;0;1;0;0;0;0;1;0;1;0;0;1;0
589;grand-roc-noir;SE;PD;4.1;1900;57;1690;457;Grand Roc noir;6,8919;45,3303;3580;0;4;4;5;6;2;0;0;0;0;0;2;0;0;0;0;0;1;1;0;1;3;0;2;0;1;2;1;3;1;2;2;3;0
623;col-de-la-gliere;S;F;3.1;1518;54;1644;480;Col de la Glière;6,7936;45,4109;3162;9;11;15;26;9;1;0;0;0;0;0;5;0;0;0;0;0;2;2;5;4;5;6;2;4;4;12;7;3;7;4;4;3;2
722;col-du-ravin-noir;T;F;3.1;1730;59;1209;555;Col du Ravin Noir;6,6814;45,2546;2941;0;2;0;4;1;0;0;0;0;0;0;1;0;0;0;0;0;1;0;0;2;1;0;1;1;0;0;0;0;0;0;1;1;0
732;dome-de-chasseforet;T;PD;3.1;1269;54;1644;569;Dôme de Chasseforêt;6,7608;45,3306;3586;1;4;13;18;9;3;0;0;0;0;0;2;0;0;0;0;1;1;0;4;2;2;3;4;5;0;6;7;1;6;5;2;1;0
746;dome-des-platieres;NW;PD+;4.3;1900;355;1556;580;Dôme des Platières;6,8639;45,5072;3473;0;0;1;1;4;0;0;0;0;0;0;0;0;0;0;0;0;2;1;0;0;0;0;0;0;1;0;0;0;1;0;1;0;0
753;pointe-du-bouchet;NE;PD-;4.2;1200;358;2300;585;Pointe du Bouchet;6,6042;45,2538;3420;0;0;0;1;4;7;0;0;0;2;2;0;0;0;0;0;0;1;0;1;0;2;2;1;1;2;0;0;0;1;2;0;1;2
1277;mont-jovet;NW;R;2.2;1288;641;1270;948;Mont Jovet;6,6413;45,4951;2558;50;45;36;12;0;0;0;0;0;0;7;38;0;0;0;0;0;0;2;7;7;10;15;6;6;19;22;8;24;14;20;10;10;8
1304;roc-de-burel;S;PD;4.1;1385;57;1690;1032;Roc de Burel;6,9175;45,3199;3075;1;2;1;0;0;0;0;0;0;0;0;0;0;0;0;0;0;0;1;0;0;1;0;0;0;0;0;1;0;1;0;0;0;0
1439;col-du-genepy;NW;F;2.3;1458;357;1710;1144;Col du Génépy;6,71411;45,3078;2901;3;2;4;6;2;0;0;0;0;0;0;0;0;0;0;0;0;0;1;0;3;3;1;1;0;1;1;0;0;0;1;4;1;0
1454;breche-des-platieres;NW;AD-;4.3;1550;355;1556;1153;Brèche des Platières;6,8577;45,5021;3100;0;0;0;1;0;0;0;0;0;0;0;0;0;0;0;0;0;0;1;0;0;0;0;0;0;0;0;0;0;0;0;0;0;0
1458;pointe-du-borgne;N;F;3.2;800;358;2300;1157;Pointe du Borgne;6,6055;45,3011;3078;1;1;3;5;0;0;0;0;0;0;2;2;0;0;0;0;0;0;3;0;0;0;2;1;2;0;0;1;1;2;0;1;1;0
1464;col-de-la-grande-pierre;N;F;2.3;1000;699;1410;1162;Col de la Grande Pierre;6,6835;45,3866;2403;2;7;3;1;0;0;0;0;0;0;0;0;0;0;0;0;0;0;1;0;0;0;1;0;1;1;3;1;2;0;0;1;0;2
1498;col-de-chaviere;SW;R;3.1;1570;59;1209;1190;Col de Chavière;6,65741;45,2708;2796;1;5;7;2;2;0;0;0;0;0;0;4;0;0;0;0;0;0;1;1;0;2;2;5;3;0;1;1;0;0;2;2;0;1
1539;roc-du-blanchon;NW;F;3.1;1300;357;1710;1222;Roc du Blanchon;6,7163;45,3288;2747;4;6;8;11;2;0;0;0;0;0;0;5;0;0;0;0;0;0;1;1;3;2;4;1;1;5;5;4;1;5;0;3;0;0
1555;mont-turia;T;PD-;5.1;1600;52;2150;594;Mont Turia;6,8606;45,5327;3650;0;0;1;9;37;22;0;0;0;0;0;1;0;0;0;0;0;1;3;2;4;9;5;7;6;6;6;1;7;4;3;3;3;0
1583;aiguille-des-saints-peres;W;PD;5.1;1100;358;2300;1250;Aiguille des Saints Pères;6,6147;45,276;3360;0;0;0;5;23;8;0;0;0;4;15;4;0;0;0;0;0;0;2;1;1;2;2;1;6;7;8;5;3;7;1;1;8;4
1595;pointe-mathews;NW;PD+;4.3;2150;54;1644;1263;Pointe Mathews;6,82285;45,4006;3783;0;1;2;6;3;1;0;0;0;0;1;2;0;0;0;0;0;0;1;0;1;0;4;0;1;2;0;1;3;2;0;0;1;0
1598;signal-de-mean-martin;E;PD-;3.2;1740;685;1800;1266;Signal de Méan Martin;6,99801;45,3667;3315;0;0;1;0;0;2;2;0;0;0;0;0;0;0;0;0;0;0;1;0;0;0;2;0;2;0;0;0;0;0;0;0;0;0
1655;col-du-borgne;NW;F;2.3;1360;55;1681;1319;Col du Borgne;6,6119;45,3078;3042;5;2;6;3;4;0;0;0;0;0;2;11;0;0;0;0;0;0;0;2;1;2;3;2;2;2;3;4;3;5;1;1;1;1
1740;pointe-de-la-masse;T;R;2.1;1500;783;1325;1305;Pointe de la Masse;6,5093;45,2971;2804;3;1;2;2;0;0;0;0;0;1;1;12;0;0;0;0;0;1;0;2;1;0;0;5;0;2;1;1;4;1;1;1;1;1
1747;sommet-de-bellecote;S;F;3.2;1940;310;1475;1401;Sommet de Bellecôte;6,7822;45,4925;3417;0;2;2;3;4;1;0;0;0;0;1;2;0;0;0;0;0;0;1;2;0;0;0;2;2;1;1;0;2;1;0;2;1;0
1857;pointes-du-chatelard;S;F;3.3;1800;57;1690;518;Pointes du Châtelard;6,955;45,3316;3479;3;7;9;9;3;0;0;0;0;0;0;1;0;0;0;0;0;1;0;2;4;2;3;7;2;3;3;0;2;1;0;0;2;0
1887;dome-des-picheres;SE;F;2.1;1850;310;1475;1508;Dôme des Pichères;6,79852;45,492;3319;1;1;7;13;6;0;0;0;0;0;0;2;0;0;0;0;0;0;0;1;2;5;3;2;1;2;5;1;2;3;1;1;1;0
1922;dome-des-sonnailles;W;PD;3.3;1650;357;1710;1150;Dôme des Sonnailles;6,7456;45,346;3361;0;2;5;5;1;0;0;0;0;0;0;0;0;0;0;0;0;0;1;1;2;1;1;0;1;0;0;1;1;3;1;0;0;0
1957;col-du-moine;T;PD-;2.3;2300;46;1530;773;Col du Moine;6,7392;45,2911;3330;7;7;12;14;3;0;0;0;0;0;0;3;0;0;0;0;0;0;1;3;2;4;8;5;4;3;4;3;1;3;1;3;1;0
2064;rocher-des-dents;SE;PD-;4.1;1430;970;1935;1619;Rocher des Dents;6,6112;45,2441;3368;0;2;0;2;1;0;0;0;0;0;0;0;0;0;0;0;0;0;0;1;0;0;0;0;0;0;0;0;0;2;1;1;0;0
2097;pointe-de-l-observatoire;T;R;2.2;690;46;1530;1638;Pointe de l'Observatoire;6,68509;45,2907;3015;1;1;3;10;4;0;0;0;0;0;0;2;0;0;0;0;0;0;0;1;2;1;4;1;1;1;1;2;1;1;1;3;1;0
2150;passage-de-rosoire;T;PD+;3.3;2048;46;1530;1270;Passage de Rosoire;6,733;45,3014;3479;0;2;1;18;7;1;0;0;0;0;0;0;0;0;0;0;0;0;1;2;3;3;2;2;3;1;0;3;2;4;2;1;0;0
2154;pointe-du-dard;NW;PD-;4.1;1600;54;1644;1136;Pointe du Dard;6,7658;45,364;3206;3;2;5;19;9;2;0;0;0;0;0;0;0;0;0;0;0;0;2;1;5;5;2;0;3;4;2;1;1;7;3;3;1;0
2172;pointes-de-la-partie;SW;AD;5.1;1350;970;1935;1689;Pointes de la Partie;6,68028;45,2692;3299;1;1;1;11;7;0;0;0;0;0;0;0;0;0;0;0;0;0;0;1;0;2;0;4;4;0;2;1;1;4;1;0;1;0
2183;pointe-de-mean-martin;N;F;3.1;1445;317;1885;1698;Pointe de Méan Martin;6,98995;45,3672;3330;0;2;3;18;16;23;16;0;0;0;2;2;0;0;0;0;0;0;0;4;4;9;7;7;4;12;11;4;7;6;2;3;2;0
2244;dome-des-nants;W;PD-;5.1;1850;357;1710;584;Dôme des Nants;6,7415;45,3262;3570;1;3;10;19;18;1;0;0;0;0;1;1;0;0;0;0;0;3;3;4;4;4;2;4;6;4;4;3;2;4;3;2;2;0
2248;col-de-la-platta;N;R;1.1;810;1015;1595;1745;Col de la Platta;6,65306;45,3722;2408;0;0;1;0;0;0;0;0;0;0;1;0;0;0;0;0;0;0;0;0;2;0;0;0;0;0;0;0;0;0;0;0;0;0
2280;sommet-de-la-viselle;N;R;1.3;900;1032;1750;1766;Sommet de la Viselle;6,61556;45,3822;2659;5;4;2;0;1;0;0;0;0;1;11;7;0;0;0;0;0;0;0;0;2;0;2;3;1;0;4;7;3;5;0;1;2;1
2419;breche-portetta;T;F;4.3;1450;699;1410;1875;Brêche Portetta;6,68972;45,3786;2651;13;23;32;10;0;0;0;0;0;0;0;7;0;0;0;0;0;0;0;0;5;2;11;4;11;11;10;4;5;4;7;7;1;3
2479;pointe-de-la-sechette;NW;R;2.2;982;54;1644;1912;Pointe de la Séchette;6,77889;45,4025;2626;4;2;1;0;0;0;0;0;0;0;0;0;0;0;0;0;0;0;0;0;1;1;0;0;0;0;0;0;0;0;1;3;0;1
2526;aiguille-doran;SE;PD+;4.1;1780;59;1209;1944;Aiguille Doran;6,67806;45,2522;3041;1;0;0;0;0;0;0;0;0;0;0;0;0;0;0;0;0;0;0;0;1;0;0;0;0;0;0;0;0;0;0;0;0;0
2542;petit-mont-blanc;T;R;2.1;1000;1148;1722;1953;Petit Mont Blanc;6,68611;45,3558;2677;8;5;2;7;1;0;0;0;0;0;1;5;0;0;0;0;0;0;0;0;1;4;2;4;1;3;4;2;0;2;3;1;1;1
2630;col-de-la-montee-du-fond;NW;R;2.1;965;358;2300;2017;Col de la montée du Fond;6,58222;45,2667;2977;0;1;0;0;0;0;0;0;0;0;1;0;0;0;0;0;0;0;0;0;1;0;0;0;0;1;0;0;0;0;0;0;0;0
2848;pointe-de-la-met;SE;F;3.1;1200;685;1800;2177;Pointe de la Met;7,01611;45,3811;3041;1;3;4;2;2;2;0;0;0;0;0;1;0;0;0;0;0;0;0;0;2;2;0;2;0;1;3;0;2;1;0;0;1;1
2967;tete-d-aussois;S;PD-;4.1;1600;46;1530;1677;Tête d'Aussois;6,7014;45,2919;3126;2;0;2;5;1;0;0;0;0;0;0;0;0;0;0;0;0;0;0;1;2;0;1;0;0;0;0;0;2;0;0;2;2;0
3064;becca-motta;N;F;3.2;1570;310;1475;2325;Becca Motta;6,748;45,434;3045;3;4;11;3;3;0;0;0;0;0;0;0;0;0;0;0;0;0;0;0;0;1;0;1;2;4;5;3;3;2;0;3;0;0
3084;pointe-du-charbonnier;N;F;3.1;1400;1285;2120;2340;Pointe du Charbonnier;6,90111;45,3806;3311;1;0;0;2;2;0;0;0;0;0;0;0;0;0;0;0;0;0;0;0;1;0;0;0;0;0;0;1;0;0;2;1;0;0
3098;col-du-tougne;N;F;2.3;1670;310;1475;2349;Col du Tougne;6,78222;45,4136;3136;1;3;10;0;5;0;0;0;0;0;0;0;0;0;0;0;0;0;0;0;1;0;0;0;5;2;2;0;2;4;1;1;1;0
3103;aiguille-rouge;SW;F;2.3;1150;52;2150;2353;Aiguille Rouge;6,8483;45,5531;3227;2;2;0;2;4;0;0;0;0;3;2;3;0;0;0;0;0;0;0;1;1;0;0;1;2;2;2;0;1;0;0;0;1;7
3123;roc-des-saint-peres;NE;PD;4.3;1170;358;2300;2365;Roc des Saint-Pères;6,61999;45,2809;3470;0;0;0;1;12;10;1;0;0;1;0;1;0;0;0;0;0;0;0;0;2;1;2;4;1;5;0;1;2;5;2;0;0;1
3124;grande-casse;N;D-;5.4;2200;54;1644;389;Grande Casse;6,8275;45,4051;3855;7;7;26;100;95;23;0;0;0;0;3;1;0;1;0;2;2;5;6;16;22;22;22;11;19;15;21;17;24;16;16;13;12;0
3128;pointe-de-lanserlia;E;R;2.2;1570;56;1343;2375;Pointe de Lanserlia;6,84944;45,3408;2909;0;2;0;7;5;4;0;0;0;1;3;2;0;0;0;0;0;0;0;0;1;3;0;2;2;2;2;0;3;3;2;3;1;0
3139;grand-roc;SE;F;3.1;1790;46;1530;1231;Grand Roc;6,6883;45,2655;3316;0;0;1;5;2;1;0;0;0;0;0;0;0;0;0;0;0;0;1;0;1;1;0;0;1;0;1;1;0;2;1;0;0;0
3296;tougnete;W;R;2.1;1000;1450;1434;2521;Tougnète;6,5588;45,3633;2434;4;4;1;0;0;0;0;0;0;1;5;11;0;0;0;0;0;0;0;0;0;1;0;2;0;1;2;3;11;4;0;0;0;2
3301;col-des-fours;W;R;2.2;1100;317;1885;2520;Col des Fours;7,0072;45,3933;2976;2;1;3;3;3;10;1;1;0;1;4;3;0;0;0;0;0;0;0;0;0;1;1;5;5;4;3;1;4;3;1;1;3;0
3361;dent-du-villard;W;PD;4.3;800;1148;1722;2576;Dent du Villard;6,67591;45,4206;2284;0;0;1;0;0;0;0;0;0;0;0;1;0;0;0;0;0;0;0;0;1;1;0;0;0;0;0;0;0;0;0;0;0;0
3507;geffriand;NE;R;2.1;950;1578;1430;2667;Geffriand;6,4864;45,3365;2396;5;3;1;0;0;0;0;0;0;0;0;0;0;0;0;0;0;0;0;0;0;1;0;1;1;0;0;2;2;0;1;0;0;1
3554;col-de-napremont;NE;R;1.3;800;699;1410;2698;Col de Napremont;6,70157;45,3791;2185;1;1;0;0;0;0;0;0;0;0;0;2;0;0;0;0;0;0;0;0;0;1;0;1;1;0;0;1;0;0;0;0;0;0
3562;col-des-encombres;S;R;1.3;1050;783;1325;2709;Col des Encombres;6,47884;45,2923;2325;8;4;0;1;0;0;0;0;0;0;0;1;0;0;0;0;0;0;0;0;0;1;1;0;1;1;0;4;1;0;2;2;0;1
3882;pointe-des-volnets;NE;PD+;4.3;1800;310;1475;2905;Pointe des Volnets;6,77659;45,4164;3247;1;3;4;4;2;0;0;0;0;0;0;0;0;0;0;0;0;0;0;0;0;2;0;0;1;0;1;0;0;1;4;4;0;1
3975;col-de-labby;T;F;3.1;1778;46;1530;575;Col de Labby;6,7356;45,2945;3324;3;1;0;9;4;0;0;0;0;0;0;0;0;0;0;0;0;1;1;1;0;2;0;1;0;1;0;3;3;0;1;3;0;0
4099;mont-pourri;T;AD;4.1;3800;364;1610;394;Mont Pourri;6,8602;45,5281;3779;2;0;4;21;58;52;2;0;0;0;1;2;0;0;0;0;2;5;7;11;8;13;11;5;11;11;6;10;8;8;11;4;11;0
4113;roche-nue;N;PD+;4.2;1350;1148;1722;3036;Roche Nue;6,67259;45,3335;2981;1;2;3;4;1;0;0;0;0;0;0;3;0;0;0;0;0;0;0;0;0;1;1;0;2;1;0;0;4;3;1;1;0;0
4121;pointe-du-grand-vallon;N;R;2.2;1300;1799;1862;1100;Pointe du Grand Vallon;6,8709;45,3208;3136;1;1;2;6;2;0;0;0;0;0;1;1;0;0;0;0;0;0;1;0;0;0;3;1;0;0;1;0;2;1;4;0;1;0
4130;dent-parrachee;N;D-;5.3;2500;46;1530;492;Dent Parrachée;6,75611;45,2889;3697;9;11;18;31;25;6;0;0;0;0;1;3;0;0;0;0;0;2;5;6;7;21;5;9;8;9;6;0;10;3;2;4;5;2
4216;pointe-du-chardonnet;SE;F;2.1;780;1285;2120;3112;Pointe du Chardonnet;6,87055;45,4635;2870;0;1;1;1;0;0;0;0;0;0;4;2;0;0;0;0;0;0;0;0;0;0;2;0;1;1;0;0;1;0;0;1;2;1
4373;col-de-la-bauche-de-mio;SE;R;2.2;1050;310;1475;3230;Col de la Bauche de Mio;6,72209;45,4811;2502;6;5;2;2;2;0;0;0;0;1;3;6;0;0;0;0;0;0;0;0;0;0;1;0;0;0;16;1;7;1;0;0;0;1
4455;mont-de-la-guerre;SE;R;1.3;1050;1982;1240;3296;Mont de la Guerre;6,67419;45,4737;2293;3;3;3;1;0;0;0;0;0;0;0;0;0;0;0;0;0;0;0;0;0;0;1;1;0;0;1;0;1;0;1;2;2;1
4527;roc-du-mone;N;F;3.3;1900;1148;1722;3341;Roc du Mône;6,68133;45,3487;2759;0;0;1;0;0;0;0;0;0;0;0;0;0;0;0;0;0;0;0;0;0;0;1;0;0;0;0;0;0;0;0;0;0;0
4583;col-de-pierre-blanche;NE;R;2.1;950;790;1723;3379;Col de Pierre Blanche;6,5116;45,2688;2636;1;0;0;1;0;0;0;0;0;0;0;1;0;0;0;0;0;0;0;0;0;0;1;1;1;0;0;0;0;0;0;0;0;0
4605;rochers-rouges;N;PD;4.1;1447;355;1556;3394;Rochers Rouges;6,86954;45,4808;3003;0;0;0;1;0;0;0;0;0;0;0;0;0;0;0;0;0;0;0;0;0;0;1;0;0;0;0;0;0;0;0;0;0;0
4670;dome-de-polset;T;F;2.3;3420;1148;1722;386;Dôme de Polset;6,63958;45,2765;3497;4;8;14;34;79;49;7;1;4;13;22;8;0;0;0;0;2;0;4;15;16;16;17;30;18;21;23;22;14;17;12;6;6;4
4712;col-de-la-grande-casse;T;F;2.2;1450;54;1644;506;Col de la Grande Casse;6,8172;45,4114;3096;11;16;20;31;6;0;0;0;0;0;1;9;0;0;0;0;0;2;2;8;5;3;7;8;11;4;14;3;3;8;6;5;2;3
4743;pointe-des-buffettes;NE;F;2.2;1060;997;2530;3490;Pointe des Buffettes;7,0067;45,3656;3233;1;3;0;0;0;7;3;0;1;0;0;0;0;0;0;0;0;0;0;0;0;0;1;2;2;2;0;1;3;3;1;0;0;0
4767;pointe-renod-sommet-e;T;F;2.3;1300;358;2300;3512;Pointe Rénod - sommet E;6,61162;45,2444;3368;0;0;1;1;3;6;2;0;1;5;11;2;0;0;0;0;0;0;0;0;0;0;0;2;0;5;5;4;5;3;3;3;1;1
4768;col-du-palet;E;R;1.3;600;1285;2120;3513;Col du Palet;6,864;45,456;2652;1;0;2;0;0;0;0;0;0;0;3;1;0;0;0;0;0;0;0;0;0;0;0;1;0;1;2;0;0;1;0;1;0;1
4868;aiguille-du-fruit;T;PD;4.2;1300;55;1681;3591;Aiguille du Fruit;6,63111;45,3558;3051;7;8;3;2;3;0;0;0;0;0;6;10;0;0;0;0;0;0;0;0;0;0;0;5;5;1;1;0;3;8;6;1;8;1
4924;ouille-des-tretetes;SE;PD+;4.3;1150;685;1800;3631;Ouille des Trétêtes;7,02189;45,3938;2948;3;4;2;0;0;1;1;1;0;0;0;1;0;0;0;0;0;0;0;0;0;0;0;1;0;2;1;1;3;1;1;2;1;0
4930;croix-de-dom-juan-maurice;S;PD;5.2;1450;3079;1750;3633;Croix de Dom Juan Maurice;6,99718;45,3465;3146;1;0;0;0;0;0;0;0;0;0;0;0;0;0;0;0;0;0;0;0;0;0;0;1;0;0;0;0;0;0;0;0;0;0
4984;grande-motte;S;PD-;5.3;550;1285;2120;3674;Grande Motte;6,87006;45,4111;3653;1;2;0;1;3;2;1;1;1;8;12;5;0;0;0;0;0;0;0;0;0;0;0;1;4;2;5;6;5;1;3;6;2;2
4999;col-des-fonds;T;F;3.1;1230;55;1681;1332;Col des Fonds;6,6497;45,3076;2907;4;8;12;3;0;0;0;0;0;0;4;7;0;0;0;0;0;0;0;3;1;0;2;5;4;4;7;3;1;1;0;5;2;0
5154;pointe-du-creux-noir;SE;D-;5.2;1900;49;1490;505;Pointe du Creux Noir;6,7552;45,4057;3154;3;9;16;15;5;1;0;0;0;0;1;4;0;0;0;0;0;1;1;2;2;2;4;3;5;3;5;1;3;8;7;4;1;2
5204;mont-de-gebroulaz;SW;AD-;5.1;1200;358;2300;3826;Mont de Gébroulaz;6,62922;45,2747;3511;1;0;1;4;17;6;0;0;0;2;1;0;0;0;0;0;0;0;0;0;0;0;0;3;3;3;6;2;2;2;5;1;3;2
5223;pointe-des-chardes;N;F;3.2;1360;310;1475;3837;Pointe des Chardes;6,78189;45,4692;2919;1;0;0;0;0;0;0;0;0;0;0;1;0;0;0;0;0;0;0;0;0;0;0;0;0;0;0;0;0;0;0;1;0;1
5238;col-du-midi-de-bellecote;N;PD+;5.1;1750;355;1556;3848;Col du Midi de Bellecôte;6,79072;45,4909;3279;0;0;0;2;3;0;0;0;0;0;0;0;0;0;0;0;0;0;0;0;0;0;0;2;1;1;1;0;0;0;0;0;0;0
5269;col-de-thorens;N;R;2.1;750;358;2300;3867;Col de Thorens;6,61692;45,2693;3114;0;0;0;1;1;2;0;0;0;0;10;1;0;0;0;0;0;0;0;0;0;0;0;1;1;2;1;3;1;2;2;1;1;0
5419;dos-de-cret-voland;SW;R;1.2;500;2384;1589;3971;Dos de Cret Voland;6,5234;45,42;2091;5;5;2;0;0;0;0;0;0;0;0;2;0;0;0;0;0;0;0;0;0;0;0;0;2;2;2;0;2;0;3;1;1;1
5646;col-du-mone;E;R;2.3;800;1148;1722;4133;Col du Mone;6,68322;45,3529;2533;0;0;1;0;0;0;0;0;0;0;0;0;0;0;0;0;0;0;0;0;0;0;0;0;1;0;0;0;0;0;0;0;0;0
5701;raid-vanoise;T;F;3.3;3080;317;1885;4170;Raid Vanoise;6,98;45,44;3343;0;0;0;1;2;0;0;0;0;0;0;1;0;0;0;0;0;0;0;0;0;0;0;1;0;0;0;0;2;1;0;0;0;0
5745;dome-de-pramecou;T;F;2.1;950;1285;2120;4203;Dôme de Pramecou;6,87864;45,4342;3081;1;1;0;0;0;2;0;0;0;0;1;0;0;0;0;0;0;0;0;0;0;0;0;0;1;1;0;1;0;1;0;0;0;1
5770;aiguille-de-peclet;E;D;5.3;1500;358;2300;602;Aiguille de Peclet;6,6238;45,2812;3561;0;0;2;5;52;24;2;0;1;2;3;1;0;0;0;0;0;1;2;2;6;9;10;10;8;9;3;5;8;4;7;2;4;2
5774;pointe-de-la-rechasse;NW;AD-;5.1;1560;54;1644;1122;Pointe de la Réchasse;6,802;45,3734;3212;12;17;33;45;14;3;0;0;0;0;7;15;0;0;0;0;0;0;3;2;5;3;4;9;10;13;24;7;8;19;18;8;5;8
6022;dent-portetta;N;PD-;3.3;1200;699;1410;4429;Dent Portetta;6,6883;45,3836;2625;0;1;0;1;0;0;0;0;0;0;0;0;0;0;0;0;0;0;0;0;0;0;0;0;0;1;0;0;0;1;0;0;0;0
6048;pointe-de-l-echelle;T;F;3.2;3000;46;1530;3768;Pointe de l'Echelle;6,68509;45,2691;3422;1;0;3;2;1;0;0;0;0;0;0;0;0;0;0;0;0;0;0;0;0;0;0;1;0;1;2;0;3;0;0;0;0;0
6049;col-de-becca-motta;W;F;3.1;1438;49;1490;4450;Col de Becca Motta;6,75087;45,4318;2928;4;9;2;0;2;0;0;0;0;0;3;0;0;0;0;0;0;0;0;0;0;0;0;0;0;1;4;4;3;0;3;3;0;2
6063;aiguille-de-chanrossa;N;AD-;4.3;1400;1148;1722;4457;Aiguille de Chanrossa;6,6663;45,329;3045;1;1;1;2;0;0;0;0;0;0;1;2;0;0;0;0;0;0;0;0;0;0;0;0;0;2;1;0;1;0;0;1;2;1
6067;pointe-de-meribel;W;F;4.1;1620;1982;1240;4461;Pointe de Méribel;6,73412;45,4354;2833;0;1;3;0;0;0;0;0;0;0;0;0;0;0;0;0;0;0;0;0;0;0;0;0;0;1;1;0;1;1;0;0;0;0
6120;petite-gliere;S;PD;5.1;1700;54;1644;4493;Petite Glière;6,79616;45,4109;3222;1;1;1;2;0;0;0;0;0;0;0;0;0;0;0;0;0;0;0;0;0;0;0;0;0;1;0;0;0;2;0;0;2;0
6231;pelaou-blanc;T;F;3.1;1950;317;1885;4585;Pélaou Blanc;7,00747;45,3985;3135;0;0;0;1;4;1;0;0;0;0;0;0;0;0;0;0;0;0;0;0;0;0;0;0;0;1;1;3;1;0;0;0;0;0
6247;le-grand-bec;NW;AD+;5.3;550;49;1490;1138;Le Grand Bec;6,7529;45,4235;3399;1;5;32;41;27;1;0;0;0;0;1;3;0;0;0;0;0;0;3;6;4;5;7;3;11;20;13;5;6;7;10;9;1;1
6297;pointe-de-claret;NE;PD-;3.2;1950;997;2530;4622;Pointe de Claret;6,97057;45,3418;3355;0;0;2;0;1;1;2;0;0;0;0;0;0;0;0;0;0;0;0;0;0;0;0;0;0;1;2;0;1;0;1;0;1;0
6316;pointe-de-boismint;N;R;2.2;1050;790;1723;4641;Pointe de Boismint;6,54935;45,2806;2776;1;0;0;1;0;0;0;0;0;0;2;0;0;0;0;0;0;0;0;0;0;0;0;0;0;0;2;1;0;1;0;0;0;0
6320;col-noir;SW;F;1.1;1100;699;1410;4652;Col Noir;6,75753;45,3978;2500;6;4;1;1;0;0;0;0;0;0;3;9;0;0;0;0;0;0;0;0;0;0;0;0;0;0;6;5;2;2;4;2;0;3
6326;breche-de-la-croix-de-la-rue;W;PD+;2.2;2200;699;1410;4651;Brèche de la Croix de la Rue;6,68115;45,2774;2883;0;0;0;1;0;0;0;0;0;0;1;0;0;0;0;0;0;0;0;0;0;0;0;0;0;0;1;0;1;0;0;0;0;0
6349;col-rouge;E;R;2.2;1300;2838;1447;4669;Col Rouge;6,65334;45,3189;2731;0;0;2;0;0;0;0;0;0;0;0;3;0;0;0;0;0;0;0;0;0;0;0;0;0;0;4;1;0;0;0;0;0;0
6392;roche-chevriere;S;AD;4.3;800;46;1530;4699;Roche Chevrière;6,72201;45,2934;3281;1;1;0;1;0;0;0;0;0;0;0;0;0;0;0;0;0;0;0;0;0;0;0;0;0;0;1;0;1;0;0;0;1;0
6432;rocher-de-plassa;S;R;2.3;1135;1015;1595;4733;Rocher de Plassa;6,687;45,3714;2836;0;2;1;1;0;0;0;0;0;0;0;2;0;0;0;0;0;0;0;0;0;0;0;0;0;0;2;1;2;1;0;0;0;0
6575;aiguille-percee;E;R;1.2;980;966;1813;4830;Aiguille Percée;6,88934;45,4836;2778;0;1;2;1;0;0;0;0;0;0;0;1;0;0;0;0;0;0;0;0;0;0;0;0;0;0;2;0;0;0;1;1;0;1
6585;pointes-de-la-freche;W;PD;3.3;1240;57;1690;4333;Pointes de la Frêche;6,91212;45,3261;3467;1;0;0;0;0;0;0;0;0;0;0;0;0;0;0;0;0;0;0;0;0;0;0;0;0;1;0;0;0;0;0;0;0;0
6694;pointe-des-fours;NW;F;2.3;1100;2994;1970;4920;Pointe des Fours;7,0054;45,3895;3072;0;1;0;2;1;0;0;0;0;0;0;1;0;0;0;0;0;0;0;0;0;0;0;0;0;0;1;0;0;3;0;0;0;1
6768;aiguille-des-corneillets;NW;PD+;5.1;1300;55;1681;4981;Aiguille des Corneillets;6,66075;45,322;3055;0;0;1;0;0;0;0;0;0;0;0;1;0;0;0;0;0;0;0;0;0;0;0;0;0;0;0;1;0;1;0;0;0;0
7011;mont-du-chat;NE;PD;2.3;1084;790;1723;2652;Mont du Chat;6,51841;45,2642;2805;3;10;1;0;0;0;0;0;0;0;0;3;0;0;0;0;0;0;0;0;0;3;0;1;2;2;1;1;1;1;1;2;0;2
7037;cime-de-caron;N;R;2.1;1360;790;1723;1304;Cime de Caron;6,5614;45,2631;3195;0;1;1;1;6;2;0;0;0;0;8;8;0;0;0;0;0;0;0;2;0;1;0;2;1;4;2;5;2;3;1;2;1;1
7106;mont-de-la-challe;NE;PD+;1.3;516;3199;1650;5248;Mont de la Challe;6,56744;45,3534;2573;0;3;0;1;0;0;0;0;0;0;1;2;0;0;0;0;0;0;0;0;0;0;0;0;0;0;0;0;3;2;0;1;1;0
7123;mont-saint-jacques;N;R;3.3;850;2946;2050;5257;Mont Saint Jacques;6,70093;45,5223;2407;2;1;0;0;0;0;0;0;0;0;0;1;0;0;0;0;0;0;0;0;0;0;0;0;0;0;0;0;1;2;1;0;0;0
7189;pointe-de-la-vallaisonnay;T;PD+;4.1;1570;310;1475;2273;Pointe de la Vallaisonnay;6,8165;45,4582;3020;0;4;3;6;0;0;0;0;0;0;0;1;0;0;0;0;0;0;0;0;2;0;0;0;3;3;2;0;1;1;0;2;0;0
7381;pointe-occidentale-de-l-epena;SE;PD+;5.1;1800;699;1410;5452;Pointe Occidentale de l'Epéna;6,81187;45,4153;3293;0;1;0;1;1;0;0;0;0;0;0;1;0;0;0;0;0;0;0;0;0;0;0;0;0;0;0;0;0;2;2;0;0;0
7385;dent-de-burgin;W;PD;4.1;1230;1450;1434;5454;Dent de Burgin;6,60609;45,3891;2739;0;0;0;0;0;0;0;0;0;0;0;1;0;0;0;0;0;0;0;0;0;0;0;0;0;0;0;0;0;1;0;0;0;0
7415;crete-de-l-arselle;W;R;2.3;885;317;1885;5473;Crête de l'Arselle;6,99956;45,4187;2729;1;0;0;0;0;0;0;0;0;0;0;0;0;0;0;0;0;0;0;0;0;0;0;0;0;0;0;0;0;1;0;0;0;0
7436;pointe-nord-des-lores;T;PD-;2.2;1000;317;1885;5492;Pointe Nord des Lorès;6,97218;45,3971;2903;1;1;1;0;0;0;0;0;0;0;0;0;0;0;0;0;0;0;0;0;0;0;0;0;0;0;0;0;0;3;0;0;0;0
7610;sommet-de-la-saulire;N;R;1.3;940;1032;1750;5356;Sommet de la Saulire;6,3638;45,23;2738;0;0;0;0;0;0;0;0;1;0;4;2;0;0;0;0;0;0;0;0;0;0;0;0;0;0;0;0;0;0;3;0;1;3
7657;mont-de-la-chambre;W;R;2.1;1130;790;1723;5666;Mont de la Chambre;6,57976;45,3185;2850;0;0;0;1;0;0;0;0;0;0;1;0;0;0;0;0;0;0;0;0;0;0;0;0;0;0;0;0;0;0;2;0;0;0
7915;dome-de-la-sache;W;AD;5.2;300;355;1556;1271;Dôme de la Sache;6,8707;45,5108;3601;1;1;8;23;23;5;1;0;0;0;0;0;0;0;0;0;0;0;1;7;3;7;4;3;8;2;3;6;2;5;7;3;0;1
7977;la-grande-rochette;N;R;1.2;530;940;2092;5906;La Grande Rochette;6,68484;45,4915;2508;0;0;0;0;0;0;0;0;1;0;0;1;0;0;0;0;0;0;0;0;0;0;0;0;0;0;0;0;0;0;0;1;0;1
7990;pointe-du-four;W;AD+;5.1;500;52;2150;5916;Pointe du four;6,82075;45,5801;2469;0;0;0;0;0;0;0;0;0;0;0;2;0;0;0;0;0;0;0;0;0;0;0;0;0;0;0;0;0;0;0;1;0;1
8159;pointe-de-la-sana;T;F;2.3;4000;317;1885;1315;Pointe de la Sana;6,9175;45,3851;3436;6;6;12;22;15;3;0;0;0;1;3;3;0;0;0;0;0;0;0;7;5;9;7;5;1;3;4;5;4;4;4;7;6;0
8172;pointe-du-grand-pre;NW;F;3.1;950;1285;2120;6023;Pointe du Grand Pré;6,92132;45,4211;3059;0;0;0;1;0;0;0;0;0;0;0;0;0;0;0;0;0;0;0;0;0;0;0;0;0;0;0;0;0;0;0;1;0;0
8226;mont-de-peclet;NE;F;2.1;750;358;2300;6053;Mont de Peclet;6,59652;45,3115;3012;0;0;0;0;0;0;0;0;0;0;1;1;0;0;0;0;0;0;0;0;0;0;0;0;0;0;0;0;0;0;0;0;1;1
8245;mont-du-vallon;N;R;2.1;1200;55;1681;6065;Mont du Vallon;6,60794;45,3293;2949;0;0;0;0;0;0;0;0;0;0;0;1;0;0;0;0;0;0;0;0;0;0;0;0;0;0;0;0;0;0;0;0;0;1
8455;grand-col;W;F;2.1;800;52;2150;4558;Grand Col;6,84771;45,5438;2935;0;1;0;0;0;0;0;0;0;0;0;0;0;0;0;0;0;0;0;0;0;0;0;0;0;0;0;0;0;0;0;0;0;1
8458;aiguille-grive;NW;F;2.1;600;52;2150;1914;Aiguille Grive;6,8041;45,5496;2732;7;3;2;1;0;0;0;0;0;0;1;6;0;0;0;0;0;0;0;0;1;0;0;0;4;4;3;1;0;1;0;0;1;5
8459;dou-des-grandes-combes;W;F;1.2;522;2384;1589;6208;Dou des Grandes Combes;6,5336;45,4058;2111;0;1;0;0;0;0;0;0;0;0;0;0;0;0;0;0;0;0;0;0;0;0;0;0;0;0;0;0;0;0;0;0;0;1
